{
  "lower_95": 182.06780321055334,
  "lower_75": 182.65262970428373,
  "median": 183.04518242039848,
  "upper_75": 183.45843703374152,
  "upper_95": 184.04659595828102
}