{
  "n_simulations": 10000,
  "sample_paths": [
    [
      183.16,
      183.34420242708043
    ],
    [
      183.16,
      183.1997792553651
    ],
    [
      183.16,
      182.59270263739572
    ],
    [
      183.16,
      183.06046636085128
    ],
    [
      183.16,
      183.39743560547032
    ],
    [
      183.16,
      182.5341533454121
    ],
    [
      183.16,
      182.4466471450796
    ],
    [
      183.16,
      182.4168947844871
    ],
    [
      183.16,
      182.10649583067493
    ],
    [
      183.16,
      182.86955476645878
    ],
    [
      183.16,
      183.3579447515977
    ],
    [
      183.16,
      183.16869337616794
    ],
    [
      183.16,
      181.9315669173614
    ],
    [
      183.16,
      182.06849458543655
    ],
    [
      183.16,
      182.42020806254237
    ],
    [
      183.16,
      182.96559539654345
    ],
    [
      183.16,
      182.58694789833788
    ],
    [
      183.16,
      182.04118684020372
    ],
    [
      183.16,
      182.48982377508523
    ],
    [
      183.16,
      182.78467415145028
    ],
    [
      183.16,
      183.03713971063837
    ],
    [
      183.16,
      181.7598528556038
    ],
    [
      183.16,
      183.70897879183622
    ],
    [
      183.16,
      182.54277551802545
    ],
    [
      183.16,
      183.89980599716765
    ],
    [
      183.16,
      183.72603803731784
    ],
    [
      183.16,
      182.47618035326042
    ],
    [
      183.16,
      183.59721278966435
    ],
    [
      183.16,
      183.5582170467111
    ],
    [
      183.16,
      182.78521127371314
    ],
    [
      183.16,
      183.236669027837
    ],
    [
      183.16,
      183.39256654633692
    ],
    [
      183.16,
      183.41160949392975
    ],
    [
      183.16,
      182.61742328619323
    ],
    [
      183.16,
      183.61220295456326
    ],
    [
      183.16,
      183.1799001906197
    ],
    [
      183.16,
      183.1181452949932
    ],
    [
      183.16,
      181.05654516227676
    ],
    [
      183.16,
      184.19327296761787
    ],
    [
      183.16,
      182.2267363788266
    ],
    [
      183.16,
      183.55196311120233
    ],
    [
      183.16,
      183.5571988735003
    ],
    [
      183.16,
      182.9652579818791
    ],
    [
      183.16,
      183.1511944026238
    ],
    [
      183.16,
      182.68551665958802
    ],
    [
      183.16,
      183.26915139859878
    ],
    [
      183.16,
      183.10900322514615
    ],
    [
      183.16,
      182.02653334439924
    ],
    [
      183.16,
      182.90931175002464
    ],
    [
      183.16,
      182.67960026778545
    ],
    [
      183.16,
      183.18343150121197
    ],
    [
      183.16,
      184.0297941467542
    ],
    [
      183.16,
      183.49322560310867
    ],
    [
      183.16,
      182.64461348610857
    ],
    [
      183.16,
      183.08667337626787
    ],
    [
      183.16,
      181.99209721560734
    ],
    [
      183.16,
      183.33031903583816
    ],
    [
      183.16,
      182.95878348594195
    ],
    [
      183.16,
      181.9929495507513
    ],
    [
      183.16,
      184.68338467361355
    ],
    [
      183.16,
      184.0527442833149
    ],
    [
      183.16,
      182.2931267285515
    ],
    [
      183.16,
      182.79266872878156
    ],
    [
      183.16,
      182.89676098930164
    ],
    [
      183.16,
      184.35412103477663
    ],
    [
      183.16,
      183.34255896445933
    ],
    [
      183.16,
      182.4266587076878
    ],
    [
      183.16,
      182.9314484134373
    ],
    [
      183.16,
      183.2427339769242
    ],
    [
      183.16,
      182.36243443116575
    ],
    [
      183.16,
      183.93742476541252
    ],
    [
      183.16,
      182.95418623051089
    ],
    [
      183.16,
      183.0314522095092
    ],
    [
      183.16,
      183.41972735451012
    ],
    [
      183.16,
      182.1473082445037
    ],
    [
      183.16,
      181.9460106269204
    ],
    [
      183.16,
      183.11368426291102
    ],
    [
      183.16,
      183.04004133348096
    ],
    [
      183.16,
      183.13346384566944
    ],
    [
      183.16,
      182.91681256624074
    ],
    [
      183.16,
      183.3369373318475
    ],
    [
      183.16,
      182.39138511504606
    ],
    [
      183.16,
      183.21852869896756
    ],
    [
      183.16,
      182.62383672164887
    ],
    [
      183.16,
      182.64580640596998
    ],
    [
      183.16,
      182.70024109126186
    ],
    [
      183.16,
      182.80363237337284
    ],
    [
      183.16,
      182.06544886754182
    ],
    [
      183.16,
      182.78704240449687
    ],
    [
      183.16,
      183.3161368117058
    ],
    [
      183.16,
      182.7146248098847
    ],
    [
      183.16,
      182.4255164347628
    ],
    [
      183.16,
      182.90941487027288
    ],
    [
      183.16,
      182.2837762696286
    ],
    [
      183.16,
      182.95033326437934
    ],
    [
      183.16,
      183.70320337516165
    ],
    [
      183.16,
      183.55177788365862
    ],
    [
      183.16,
      184.04041626314816
    ],
    [
      183.16,
      182.7632048803745
    ],
    [
      183.16,
      183.071908678721
    ]
  ],
  "percentiles": [
    5,
    25,
    50,
    75,
    95
  ]
}