{
  "expected_return": 1.8664150521261913,
  "VaR_95": -0.5963074849566818,
  "CVaR_95": -0.7262681674046025,
  "sharpe_ratio": 6.789859426223321,
  "volatility_forecast": 4.363164075026789
}